Node,x,y
0,398.0,4910.0
1,36.0,4524.0
2,504.0,5238.0
3,598.0,5140.0
4,978.0,5196.0
5,1292.0,5050.0
6,1346.0,5124.0
7,1002.0,4740.0
8,924.0,4510.0
9,694.0,4618.0
10,770.0,4324.0
11,942.0,4484.0
12,640.0,4594.0
13,1044.0,4278.0
14,1408.0,4536.0
15,1650.0,4772.0
16,1492.0,4490.0
17,1604.0,4438.0
18,766.0,4224.0
19,1620.0,5024.0
20,1268.0,5500.0
21,1276.0,5354.0
22,1588.0,5386.0
23,1434.0,5690.0
24,1638.0,5354.0
25,648.0,3995.0
26,722.0,3861.0
27,756.0,3889.0
28,960.0,3849.0
29,1172.0,3773.0
30,1332.0,3507.0
31,1376.0,3961.0
32,844.0,3967.0
33,964.0,3567.0
34,1224.0,3349.0
35,836.0,3251.0
36,784.0,3321.0
37,742.0,2856.0
38,994.0,3092.0
39,1162.0,3228.0
40,1124.0,2974.0
41,940.0,2378.0
42,1626.0,3160.0
43,1306.0,2346.0
44,1500.0,2988.0
45,1506.0,2328.0
46,1002.0,2140.0
47,910.0,2156.0
48,1456.0,1898.0
49,1606.0,2206.0
50,1466.0,1846.0
51,1446.0,1686.0
52,1304.0,1360.0
53,1556.0,1582.0
54,1642.0,2058.0
55,1488.0,2158.0
56,1700.0,1650.0
57,1736.0,1684.0
58,1382.0,1232.0
59,1174.0,1234.0
60,1416.0,926.0
61,1358.0,958.0
62,1134.0,1072.0
63,1674.0,1310.0
64,1576.0,342.0
65,1506.0,662.0
66,1678.0,640.0
67,1648.0,592.0
68,1232.0,240.0
69,1318.0,308.0
70,1298.0,218.0
71,1668.0,286.0
72,1694.0,286.0
73,1690.0,178.0
74,1712.0,300.0
75,1836.0,350.0
76,1838.0,182.0
77,1700.0,5408.0
78,2044.0,5938.0
79,1980.0,5994.0
80,2242.0,5926.0
81,2306.0,5708.0
82,2350.0,5384.0
83,2206.0,5240.0
84,2316.0,5298.0
85,1702.0,4980.0
86,1930.0,4744.0
87,1876.0,4552.0
88,1844.0,4610.0
89,2116.0,4474.0
90,2024.0,4550.0
91,2434.0,4886.0
92,2022.0,4344.0
93,2458.0,4864.0
94,2468.0,4804.0
95,2536.0,4788.0
96,2560.0,4606.0
97,2322.0,4304.0
98,2582.0,4444.0
99,2258.0,4170.0
100,1966.0,4026.0
101,1984.0,4038.0
102,2288.0,3794.0
103,2558.0,3456.0
104,1930.0,3842.0
105,1788.0,3814.0
106,2000.0,3492.0
107,2260.0,3234.0
108,2266.0,3212.0
109,1850.0,3444.0
110,1884.0,3418.0
111,1912.0,3380.0
112,2110.0,3174.0
113,2522.0,3052.0
114,2258.0,2842.0
115,2186.0,3120.0
116,2402.0,2894.0
117,2618.0,3062.0
118,2006.0,2638.0
119,2472.0,2346.0
120,1902.0,2308.0
121,1888.0,2282.0
122,1934.0,2256.0
123,1984.0,1932.0
124,1998.0,1872.0
125,2086.0,1704.0
126,1852.0,1708.0
127,1968.0,1606.0
128,2052.0,1574.0
129,2088.0,1634.0
130,2138.0,1464.0
131,2282.0,1574.0
132,1764.0,1464.0
133,1938.0,960.0
134,1830.0,964.0
135,2144.0,1232.0
136,1798.0,972.0
137,1768.0,668.0
138,1826.0,580.0
139,2044.0,992.0
140,2372.0,1062.0
141,1986.0,430.0
142,2044.0,354.0
143,2324.0,342.0
144,2316.0,968.0
145,2432.0,786.0
146,2450.0,422.0
147,1958.0,166.0
148,2130.0,214.0
149,2438.0,138.0
150,2590.0,119.0
151,2136.0,130.0
152,2688.0,5512.0
153,2512.0,5462.0
154,2518.0,5398.0
155,2626.0,5462.0
156,2918.0,5276.0
157,2918.0,5234.0
158,3162.0,5434.0
159,3196.0,5430.0
160,3206.0,5512.0
161,3090.0,5690.0
162,3506.0,5760.0
163,3288.0,5214.0
164,2748.0,4976.0
165,2640.0,4746.0
166,2694.0,4176.0
167,2726.0,4200.0
168,3062.0,4648.0
169,3136.0,4624.0
170,3322.0,5058.0
171,3228.0,4380.0
172,2704.0,3822.0
173,3024.0,3424.0
174,2980.0,3346.0
175,3342.0,3260.0
176,2608.0,3426.0
177,2972.0,2782.0
178,2780.0,2726.0
179,3034.0,2634.0
180,3034.0,2448.0
181,3268.0,2842.0
182,3458.0,2626.0
183,3382.0,3166.0
184,3512.0,3014.0
185,3536.0,2860.0
186,3146.0,2274.0
187,2892.0,2242.0
188,3404.0,2172.0
189,2724.0,1488.0
190,3430.0,1960.0
191,2998.0,2154.0
192,2928.0,1764.0
193,2872.0,1748.0
194,2786.0,1610.0
195,3294.0,1774.0
196,2834.0,412.0
197,2998.0,1274.0
198,3364.0,1042.0
199,2880.0,1130.0
200,3524.0,1258.0
201,3184.0,664.0
202,3522.0,1216.0
203,3318.0,772.0
204,3586.0,824.0
205,2794.0,115.0
206,3132.0,247.0
207,2984.0,89.0
208,3326.0,217.0
209,3556.0,141.0
210,3644.0,43.0
211,3510.0,5892.0
212,4264.0,5618.0
213,4332.0,5518.0
214,4252.0,5764.0
215,3948.0,5668.0
216,4272.0,5432.0
217,4022.0,5418.0
218,3728.0,4922.0
219,3846.0,5020.0
220,4534.0,4546.0
221,3644.0,4466.0
222,3808.0,4930.0
223,3718.0,4160.0
224,3756.0,4222.0
225,3840.0,4446.0
226,3764.0,4644.0
227,3848.0,3548.0
228,4346.0,4072.0
229,4390.0,4078.0
230,4454.0,4012.0
231,3676.0,3658.0
232,3674.0,3694.0
233,3812.0,3550.0
234,3776.0,3454.0
235,3766.0,3434.0
236,4446.0,3966.0
237,4438.0,3896.0
238,4680.0,3536.0
239,4582.0,3556.0
240,4028.0,2872.0
241,4460.0,2932.0
242,3916.0,2260.0
243,3892.0,2274.0
244,3964.0,2682.0
245,4050.0,2720.0
246,4388.0,2458.0
247,4488.0,2734.0
248,4720.0,2890.0
249,4446.0,2712.0
250,4480.0,2792.0
251,4632.0,2378.0
252,3604.0,1592.0
253,3678.0,1414.0
254,3760.0,1306.0
255,3822.0,1320.0
256,3928.0,1386.0
257,4054.0,1430.0
258,4280.0,2190.0
259,4074.0,1440.0
260,4160.0,1472.0
261,4416.0,1370.0
262,4264.0,1988.0
263,4154.0,1390.0
264,4356.0,1166.0
265,4378.0,1032.0
266,3908.0,886.0
267,3846.0,734.0
268,4988.0,4426.0
269,4848.0,3688.0
270,4970.0,3404.0
271,5192.0,3110.0
272,5110.0,2698.0
273,1872.0,2020.0
274,652.0,4592.0
275,1442.0,1822.0
276,1746.0,1428.0
277,2160.0,3134.0
278,2178.0,1442.0
279,2972.0,1258.0
280,3858.0,5010.0
281,4498.0,2812.0
282,5012.0,4370.0
283,5118.0,2740.0
