,Diam,StartNode,EndNode,Length
0,4.04,28,324,617.9132378775168
1,4.2,38,315,360.0141218266041
2,5.3,259,257,703.8491620979044
3,5.81,129,284,261.8847320537809
4,6.32,117,279,234.80724465743162
5,3.15,157,260,449.2945934617053
6,5.08,130,291,289.9491906994274
7,6.82,346,344,270.8884038773988
8,4.41,154,384,338.1237691414545
9,4.99,72,233,354.8473927192941
10,6.98,324,318,153.0333167100726
11,5.64,223,212,666.499161445104
12,4.14,53,235,474.0143737577072
13,7.53,291,290,429.6461208167311
14,4.54,133,369,411.41190631635544
15,5.38,179,358,144.37938664593057
16,5.11,128,129,1303.6795822409579
17,9.77,284,280,175.90136056762145
19,4.14,35,355,387.737126745496
20,3.99,33,364,472.5437571201569
21,5.64,72,204,343.9555164413724
22,6.06,30,324,236.32266180204624
23,15.98,184,377,277.4586572630982
24,4.99,355,354,515.9965504990282
25,6.3,34,35,295.5786943345025
26,3.8,13,27,306.9186027974039
27,4.41,12,347,570.8027659278187
28,5.04,125,296,182.13997290977693
29,3.83,52,72,250.30217490509054
30,5.64,121,291,469.2002586004566
32,6.59,29,30,254.68722440482088
33,7.05,148,263,431.586584626881
34,8.82,346,342,264.15220460179535
35,5.06,9,357,768.1340980890229
36,6.79,30,321,266.54409864438236
37,6.95,137,345,338.54308384841397
38,5.4,142,365,929.7429989240043
39,4.72,43,308,517.1229602128485
40,3.87,21,333,227.85490261482545
41,6.3,365,198,202.9387927167111
42,4.72,85,220,179.9188799328358
43,5.2,134,374,403.28528904510256
44,7.69,79,248,94.9812213832852
45,6.05,153,365,452.42905594880585
46,4.39,108,267,180.19664416993584
47,13.72,377,376,142.9846458379663
48,7.06,347,346,280.4294944483451
49,7.25,357,356,115.73000428218378
50,6.7,162,217,257.27438024085643
51,5.84,96,372,263.56182365973456
52,6.64,107,271,171.43932068770485
53,6.79,131,185,179.5929377223008
54,4.43,80,236,348.9810353193859
55,3.8,70,225,314.91895319899777
56,5.38,95,299,223.88019505991696
57,6.02,110,282,214.56936667441846
58,9.49,168,309,271.5483605691997
59,7.53,132,370,280.1746686286778
60,6.06,8,34,228.47255867630446
61,6.75,354,353,169.68686596611994
62,5.81,7,357,692.9621107283473
63,8.29,308,307,482.2850061812364
64,7.25,106,107,556.7448119528694
65,7.13,136,341,319.0168586625749
66,6.43,151,292,323.51099875774884
67,5.73,91,241,198.8059986446085
68,8.62,108,270,290.42927608620926
69,4.14,63,305,240.41729733331306
70,5.04,58,301,458.9857432111886
71,5.92,116,272,515.0655471715324
72,5.08,49,313,342.2281278881463
73,5.84,36,314,770.3550975634985
74,7.37,0,131,257.3231879806275
75,4.99,107,108,120.08381481764741
76,7.05,45,328,824.6491806916258
77,7.52,159,261,220.52079594331326
78,5.81,40,323,466.48445005495284
79,6.43,144,379,471.2307204334279
80,5.64,48,49,296.68861847361654
81,5.06,87,221,470.9470946151199
82,10.11,290,289,115.23519516834449
83,8.28,131,132,728.6480361572291
84,5.92,42,45,662.8106995178798
85,4.43,61,304,402.47288753642397
86,8.91,150,265,111.84178358395658
87,5.64,143,144,393.1960924301952
88,6.56,3,95,167.6736130785934
89,5.46,144,378,223.2378373261841
90,6.43,45,308,258.45385320218236
91,4.59,49,302,299.9830413080119
92,5.08,34,354,390.3457874837157
93,9.3,345,344,89.06238261566128
94,8.82,124,295,76.00282695068336
95,9.18,292,290,303.6195293912696
96,4.2,155,300,72.23755196567544
97,6.8,299,298,76.56356705141688
98,13.82,376,375,219.87259546742968
99,8.33,265,264,341.44733467923857
100,6.84,147,267,226.07149246969993
101,6.0,31,360,905.0114185820678
102,8.46,132,133,53.911299026375985
103,3.86,23,347,99.02776181213251
104,7.53,161,218,357.1800368082424
105,7.57,314,202,160.3738103858076
106,20.99,374,367,286.5499051759428
107,9.3,1,151,136.36028091927824
108,3.87,26,348,142.21181873823267
109,5.2,54,233,248.26300541534653
110,18.24,375,374,112.29614627597186
111,5.92,95,96,127.13814201613411
112,8.71,149,265,273.7198427697446
113,9.44,344,343,93.73649486652957
114,7.35,139,143,32.90406314193614
115,8.29,177,361,409.7958020783444
116,8.83,298,293,465.8271999444412
117,7.14,140,142,169.35732605864519
118,13.52,341,340,132.58900655013298
119,10.5,152,187,259.816017321981
120,9.58,378,197,139.4684367466722
121,9.22,372,371,113.9470003744994
122,12.59,342,341,60.96661391844215
123,6.56,91,248,285.90725614996245
124,9.46,151,152,205.82248437082325
125,9.85,180,139,353.10887728306125
126,6.84,133,134,159.94295107362748
127,5.61,156,250,453.49810883746557
128,6.39,267,266,187.62420388965845
129,12.98,379,378,369.53428602123347
130,7.05,62,310,386.4600794047693
131,6.06,143,196,533.9010530193651
132,7.57,152,292,384.96163355573094
133,8.93,138,345,356.2668177542578
134,8.58,146,381,779.4957977833461
135,5.59,315,314,325.91456497340636
136,9.02,139,140,134.75312810729955
137,11.17,369,368,50.18118278225674
138,5.3,120,244,609.844921087695
139,6.95,141,382,168.94439028097958
140,7.67,163,216,273.2785624599042
141,9.9,146,380,273.7949302056108
142,7.13,192,148,106.91028726034912
143,8.07,37,315,394.39641533090406
144,8.74,135,136,135.11911046652926
145,10.71,370,369,453.7919507349152
146,10.18,343,342,41.537539768307425
147,5.06,93,366,136.11063621653238
148,6.96,142,316,887.9139392965817
149,6.31,90,91,170.78765652032217
150,7.14,94,379,531.1162731821604
151,6.84,158,373,170.31017045951324
152,6.67,233,205,664.2298134905109
153,5.62,96,299,85.14061657167903
154,6.31,279,278,101.63795106351138
155,6.36,140,141,290.4163737929596
156,11.62,145,146,482.11600319940226
157,8.86,92,93,191.7863830232258
158,8.11,109,110,574.5958454438146
159,12.44,371,370,115.33093993749489
160,13.24,174,135,160.51287752383712
161,16.549999,366,199,133.77753256830903
162,7.75,134,377,415.6076201871769
163,16.440001,367,366,193.01606598025418
164,9.99,278,277,116.39055781039114
165,7.97,93,94,251.96708781370666
166,10.4,263,262,468.6900796992338
167,8.31,141,153,75.91873291762496
168,6.82,111,279,388.9476497219596
169,11.36,135,137,59.4608329026383
170,6.02,97,158,101.48925846352113
171,8.07,373,371,113.09379371891431
172,8.86,47,327,1116.5615936867334
173,10.1,136,343,294.63569232998344
174,12.74,260,259,71.29929001328318
175,6.06,221,219,183.90490258973043
176,12.37,148,149,118.16760435700468
177,6.43,118,278,143.15842055983927
178,7.67,126,372,309.296330165316
179,6.68,10,31,211.24563379963408
180,7.35,94,381,384.31557663534045
181,6.39,27,28,113.29336622315671
182,12.68,289,288,617.9208679934118
183,11.41,288,287,70.48118549884761
184,11.65,261,260,102.7878883870479
185,9.33,287,286,90.9114805088692
186,6.52,298,297,70.91928478858483
187,12.94,259,258,373.88839677566165
188,6.25,32,33,790.5095265239497
189,6.72,364,363,143.516519680537
190,12.25,216,215,307.7366572510638
191,12.43,309,306,178.32137798374424
192,4.61,119,120,66.62776287390754
193,8.33,73,90,251.3520731989434
194,5.64,248,247,119.01209113135904
195,13.35,286,243,100.92185373808468
196,6.67,50,155,137.43763042505236
197,8.2,300,201,286.19265240413506
198,6.82,296,294,73.95302498696702
200,27.85,166,230,131.0955658668759
201,6.98,102,119,169.23446297885982
202,9.53,277,276,58.89716685360227
203,8.46,110,283,212.738741679935
204,6.52,119,288,360.1978004023998
205,8.43,137,138,58.61621100000002
206,7.85,86,87,497.3158625079142
207,12.63,368,367,84.1388889388534
208,7.13,127,130,121.59623141918509
209,10.71,149,150,151.43283205575625
210,6.02,28,29,76.57232014028628
211,8.36,122,126,76.39479947283463
212,7.05,153,383,178.17388230199987
213,6.39,103,117,326.29020182180926
214,9.22,381,375,266.5445370117559
215,7.32,78,156,34.514199113819984
216,10.66,247,246,130.72083848518065
217,11.01,293,242,261.85031080526306
218,11.19,193,261,457.3626534835565
219,7.28,79,249,139.57128625774067
220,6.59,90,241,80.41988837615838
221,21.129999,215,214,225.18476604722554
222,7.53,117,118,30.232938941414766
223,22.379999,214,213,99.89666867680185
224,6.99,123,124,263.21304624072087
225,13.47,340,339,228.09799988392172
226,6.52,22,336,172.5981590291103
227,6.59,11,27,340.99733389095184
228,10.24,249,247,101.78796914084387
229,6.32,120,287,386.61703020623474
230,8.04,84,85,337.3473164045574
231,7.05,89,222,342.82248468508016
232,8.71,25,26,131.4750908430625
233,32.290001,230,229,246.7429611516198
234,12.65,321,320,130.84277116277136
235,21.879999,257,256,279.70575953530863
236,12.63,138,175,190.80701983826933
237,6.56,222,214,277.0062320523176
238,33.830002,229,209,295.5063712342699
240,14.87,380,195,592.4593395470575
241,23.700001,258,257,106.73222530685373
242,8.11,126,297,288.81157030747744
244,15.42,98,127,1062.2995731717406
245,32.689999,280,275,310.06664775200096
246,18.42,339,338,228.13721219419642
247,7.5,101,121,95.06883995991481
248,7.56,88,222,51.76104648479733
249,9.84,130,285,1207.48773234178
250,18.459999,338,337,158.623541685966
251,5.13,31,32,91.25099586255402
252,13.76,217,216,202.69687591152513
253,8.98,4,92,148.78531887327662
254,15.75,127,128,100.01678864007647
255,27.65,186,0,152.7725021163792
256,8.98,150,263,133.39272965058134
257,6.05,87,88,187.4060085471678
258,28.18,282,281,514.7487587671782
259,6.95,118,277,168.134392400801
260,7.05,20,329,698.5403826390401
261,7.35,66,228,657.2998391011857
262,36.380001,242,240,250.85910135941538
263,20.360001,337,334,233.6788144533161
264,7.67,156,249,336.8125153114466
265,36.869999,240,234,195.68045187644614
266,23.110001,0,1,423.1494041529983
267,9.66,285,274,242.4615434222314
268,6.21,115,268,183.13227390209093
269,58.84,195,181,236.142050333314
270,55.200001,196,195,112.21833580780647
271,8.91,114,115,74.91133062060877
272,59.189999,197,196,405.414534774194
273,40.41,243,242,317.8497088381944
274,12.1,29,321,560.852177866771
275,5.25,24,25,126.24236356672452
276,19.92,333,332,207.19272283632245
277,6.3,115,255,312.16364665672467
278,26.799999,334,333,181.56532265950506
279,12.69,128,188,156.92626520518888
280,57.919998,382,197,99.78620052199616
281,29.780001,281,280,524.168163872471
282,56.470001,383,382,97.95883932689424
283,55.07,198,383,310.59729483525604
284,9.68,228,227,133.62543912468647
285,55.869999,199,198,162.50328658121515
286,21.74,2,97,153.97187325479604
287,38.810001,209,208,471.5312184358571
288,6.33,67,237,304.76322977883876
289,30.290001,189,281,453.96011782571634
290,6.56,64,232,485.5778613170858
291,29.33,353,317,50.32851740333045
292,47.040001,201,200,560.5708975873509
293,37.73,234,203,656.557647364797
294,5.95,88,221,169.3861555702282
295,32.630001,356,353,1474.0271335531052
296,8.76,99,122,293.9889521712036
297,47.540001,202,201,513.5473296359796
298,13.53,6,7,915.4262625472832
299,26.74,1,2,445.5823691086922
300,20.93,262,258,39.69020314371535
301,7.06,297,296,105.76943663977099
302,5.46,26,154,239.39610143855424
303,24.59,332,325,584.1651082301065
304,6.79,85,157,314.32309090842955
305,46.93,203,202,159.59816882829088
306,37.799999,358,356,271.7474722542545
307,12.85,283,282,192.72965772937124
308,22.049999,2,3,521.8040338394163
309,7.05,313,312,101.90938342443965
310,19.200001,97,98,94.45353030770013
311,22.32,212,211,47.55837053863894
312,47.290001,208,207,283.12869591167663
313,7.05,77,254,112.90194309263774
314,35.299999,274,245,874.3330677970988
315,54.549999,200,199,110.58259272784007
316,42.779999,204,203,99.52520099696429
317,39.459999,360,359,134.67477739765235
318,23.34,213,212,594.0087718615957
319,38.48,359,358,124.82954721688327
320,41.07,207,206,219.3571562559263
321,15.46,219,215,79.36829147239156
322,8.98,121,285,1003.6134935425326
323,9.66,41,42,109.51269597221807
324,35.650002,361,360,214.85915034762422
325,40.860001,205,204,519.6182525095711
326,40.43,206,205,568.2588540020909
327,39.619999,363,362,48.983810191295206
328,34.919998,362,361,163.730782935075
329,13.16,51,52,455.154575568765
330,6.88,32,362,1057.2942397241998
331,39.099998,176,363,222.30787273685456
332,7.24,75,79,286.74807808311306
333,20.219999,3,4,293.90128176907075
334,35.369999,275,274,72.57270769248191
335,6.3,241,240,282.86088948611143
336,16.549999,5,6,901.3542406335324
337,5.92,69,228,196.10409618023954
338,15.98,264,262,215.65176882390324
339,12.78,7,8,43.627704764842626
340,38.98,244,243,889.9744226832587
341,13.47,46,47,260.10292839498265
342,10.47,294,293,269.0569929141725
343,45.509998,316,200,994.2486687314832
344,41.43,245,244,93.29743981290872
345,34.970001,301,208,103.91095238455827
346,36.080002,302,301,93.38687447959806
347,49.669998,317,316,514.9473319173352
348,34.32,304,303,218.78064883174488
349,37.299999,305,304,161.48093102388555
350,36.080002,306,305,94.82165716556362
351,25.219999,211,210,452.8552923189979
352,20.02,4,5,98.44727045435147
353,35.709999,303,302,96.5145955781856
354,16.139999,98,99,230.4812022364297
355,7.13,100,289,164.8163461075818
356,7.44,39,48,47.368903666564535
357,15.94,183,376,253.1612681030826
358,35.139999,307,306,437.74642847341073
359,10.12,122,123,69.27364587871506
360,6.3,25,352,151.02437163556905
361,29.620001,255,253,66.4608460181999
362,21.74,232,231,156.10920938964068
363,28.75,256,255,262.8321196097633
364,22.84,231,230,144.48156752665432
365,7.24,194,338,415.71050527494884
366,14.55,190,283,111.72330675507226
367,18.18,167,232,131.74725281746373
368,37.779999,169,307,183.4744674890993
369,8.28,173,339,253.31126986932492
370,8.86,178,359,490.5885584395077
371,9.25,182,145,143.71466635165336
372,9.49,191,147,96.9303555499553
373,9.53,165,223,140.18747624863377
374,18.24,5,50,284.7530086086913
375,13.66,6,36,225.14638582932196
376,11.31,83,84,436.9589455745032
377,10.38,52,53,237.48086876225844
378,7.21,92,368,152.6348367831121
379,28.370001,210,209,390.1265890019054
380,12.88,312,311,435.7195950721301
381,13.19,218,217,126.4721453834412
382,6.95,18,21,368.68085937896944
383,10.71,227,226,49.99482294335773
384,6.79,124,286,228.16113204738093
385,16.389999,99,100,42.650502218457284
386,6.13,157,386,95.01679574509323
387,5.64,351,350,105.10135970899152
388,7.71,81,239,388.2377143885688
389,16.42,100,101,616.6135137005288
390,28.58,246,245,31.97003419101184
391,13.24,350,349,259.84002744533007
392,13.94,8,9,59.86333653424634
393,8.24,220,219,390.0422169800161
394,10.84,266,264,221.23570035387843
395,17.66,50,51,497.95530996160363
396,8.55,42,43,49.17019872640925
397,11.09,47,326,533.0945577722773
398,6.14,14,24,104.7328690023452
399,10.1,82,86,444.7037308464961
400,5.2,154,350,79.41106657796207
401,31.08,253,252,521.4692935470423
402,16.110001,36,37,352.3696883357781
403,11.47,295,294,67.4316992824837
404,7.59,76,78,188.02693432632628
405,47.099998,325,322,243.14734204709342
406,50.240002,322,319,357.7084557043639
407,14.62,101,102,388.85282775022495
408,15.09,53,54,458.92237316081616
409,14.02,223,385,358.78756929198727
410,6.43,65,231,327.3441277689211
411,9.37,104,111,80.21263411339244
412,9.39,386,218,90.87984166884473
413,13.63,9,10,136.33606684978338
414,12.33,311,207,75.44589220639764
415,44.639999,318,317,1293.2717941616136
416,9.27,226,210,162.30837308521572
417,8.46,123,125,133.83538197655827
418,48.259998,320,318,162.94567781507854
419,16.360001,51,73,1030.6390738860814
420,13.34,55,66,79.38381536634438
421,48.450001,319,320,66.48814625078744
422,9.58,84,220,313.9699867964391
423,32.810001,252,251,84.01026110460708
424,32.77,250,246,168.6376360990919
425,12.61,74,75,67.08979576397988
426,8.46,113,269,491.076496810136
427,14.27,385,213,51.33894012644297
428,44.869999,327,387,462.79598098654543
429,39.860001,251,250,621.7597547707246
430,11.11,147,266,306.075869023323
431,14.71,349,322,156.0180763102719
432,44.400002,328,327,226.3701060115095
433,7.67,57,58,282.46252904945175
434,14.74,56,57,391.25786313588947
435,10.84,172,337,529.7980076610079
436,11.35,164,385,374.9103644921925
437,33.119999,171,330,320.3199703632821
438,39.810001,170,328,258.0974289417015
439,9.09,160,386,306.33800620759405
440,8.46,57,227,410.89545450477044
441,16.110001,37,38,436.2677392743765
442,7.75,352,351,101.6172051492188
443,51.189999,326,325,455.20261424931937
444,48.299999,387,326,105.60388623482487
445,14.81,38,39,597.5167640463837
446,17.65,276,275,259.23019478530165
447,18.190001,268,256,146.22526530747265
448,11.09,54,55,133.83960707533646
449,15.68,102,103,762.1010636987756
450,9.96,60,61,217.08075616312738
451,18.610001,269,268,150.60042395983476
452,16.389999,270,269,167.71708036206604
453,7.24,48,311,292.36889336801056
454,6.56,21,335,94.87903412171022
455,6.59,44,312,154.62750397292848
456,10.09,43,44,177.56700186952682
457,7.35,24,352,237.56482451955873
458,7.24,44,313,60.87851278143862
459,37.18,329,387,649.1173192728634
460,14.72,10,11,100.8715286968962
461,37.330002,330,329,128.28130275468186
462,15.39,73,74,247.70635775900362
463,18.74,235,234,297.99141597409374
464,9.96,105,106,405.6881238457602
465,11.62,145,380,362.5630762843691
466,11.13,75,76,541.717785327205
467,11.72,66,67,335.3978011833681
468,12.43,55,56,427.389657269661
469,12.88,39,40,537.5238128747264
470,10.44,68,69,408.3328641664971
471,8.08,351,349,229.15318915103148
472,6.33,112,113,103.280349156765
473,14.56,74,80,214.1574088903783
474,14.5,103,104,730.0832623471002
475,8.48,225,224,94.36371108921024
476,8.4,86,89,194.38988654081768
477,6.79,125,295,70.30458228491818
478,10.89,271,270,77.67216663712134
479,9.45,78,251,370.96160686212613
480,11.55,76,77,632.5094860318442
481,16.82,254,253,219.629976431701
482,8.91,59,303,453.97930763462904
483,14.37,11,12,254.83684300199158
484,7.17,111,112,70.38417288652786
485,16.139999,236,235,348.6718899636459
486,10.6,384,332,73.75153094812737
487,12.8,40,41,67.60270823489522
488,13.56,104,105,133.1627326210514
489,16.76,80,81,225.82929580968107
490,6.39,61,62,71.05989816436463
491,8.64,58,59,108.2677887006659
492,7.67,56,206,340.1040016536181
493,12.68,106,271,247.2057391018256
494,8.85,69,70,121.80248793783201
495,11.36,335,334,142.54361950271124
496,8.08,113,114,248.9954036379703
497,15.15,12,13,38.26315796698732
498,7.82,67,68,37.7815377380846
499,9.84,348,384,167.57318212716353
500,9.85,59,60,131.73656980321243
501,6.05,112,116,101.34934903741693
502,17.709999,81,82,272.0322039876615
504,9.54,310,309,63.21314588108527
505,10.34,224,211,72.0336330902161
506,10.39,105,109,276.92493370699486
507,11.35,237,236,33.92938722711603
508,12.84,336,335,112.25266032122451
509,5.84,17,22,138.01536719708912
510,14.84,13,14,130.20871397825056
511,19.49,323,319,57.837388026107575
512,18.049999,272,252,214.76643265966402
513,7.85,16,348,345.5757689683163
514,12.56,41,46,349.69268866873193
515,9.09,89,224,466.64290722323835
516,12.98,15,23,83.72142219221817
517,12.03,239,238,56.681754681546764
518,17.73,238,237,489.6858852867923
519,7.24,70,226,131.82752350867315
520,12.31,71,238,175.5337126878631
521,8.98,68,71,289.4177009593656
522,8.4,71,225,513.214170426274
523,12.35,82,83,329.410794839009
524,11.98,14,15,381.2206666821693
525,14.37,109,276,459.2888535509022
526,12.1,15,16,193.31795945426776
527,10.71,23,340,431.60943911403024
528,11.38,62,63,84.27682085989889
529,10.7,114,273,175.4069448905678
530,11.52,16,17,552.8676323611247
531,11.83,273,272,86.71202277674041
532,6.2,60,64,37.25000566123271
533,6.06,19,20,83.41815223529098
534,10.35,116,273,247.60928302649162
535,14.66,46,323,426.5992854231804
536,14.66,83,239,652.2463356158431
538,12.43,17,18,241.6825228933132
539,7.14,63,310,80.61305910607328
540,12.18,18,19,123.16260204906871
541,9.12,19,331,171.5364021696303
542,12.99,331,330,321.6121278960676
543,11.11,20,331,112.17172114069643
544,8.0,64,65,93.75451790024223
545,9.77,65,229,207.38845741002035
18,10.89,129,390,50.935228764419946
31,4.31,35,392,57.47534205269406
199,7.35,158,391,110.42219052026589
239,6.31,155,394,36.39350870769217
243,6.36,33,389,36.393541993862215
503,10.97,77,393,101.60307369671041
537,11.11,22,388,78.6519167430052
18,10.89,390,284,186.46220613530534
31,4.31,392,355,269.9720802918822
199,7.35,391,373,73.42633930390113
239,6.31,394,300,89.50578688315139
243,6.36,389,364,311.4601747667488
503,10.97,393,254,182.622102515678
537,11.11,388,336,78.6519167430052
